contradiction,mediator,pole1,pole2,influence,stability,influence_norm,stability_norm,combined_score
freedom vs security,"[-1.55355006e-01 -3.70110005e-01 -8.27650055e-02 -2.14735001e-01
 -4.93600070e-02 -1.05898499e-01  1.99490011e-01  7.64919996e-01
  9.16449949e-02 -2.11684990e+00 -1.08374998e-01 -1.69950500e-01
  1.28264993e-01 -1.22008994e-01 -2.54396975e-01  4.46254998e-01
  3.65610003e-01  4.29156482e-01 -3.05105001e-01  3.55283022e-02
  3.08724999e-01  2.67349929e-02  2.17424989e-01 -5.07130027e-01
 -3.46289992e-01  2.58010507e-01  2.43449993e-02  5.12989998e-01
 -3.71519983e-01  3.21635008e-01  3.60000014e-01 -1.41593501e-01
 -5.34060001e-01 -7.44550079e-02 -3.08757007e-01 -1.98898003e-01
 -9.09314975e-02 -3.39099988e-02 -2.26123989e-01 -4.53994989e-01
  7.01810047e-02  9.37299952e-02  2.16598511e-01  1.18203506e-01
 -3.93660009e-01 -2.90649980e-02 -2.04491004e-01  2.45379999e-01
  4.98044975e-02 -4.05599996e-02 -2.12099999e-02 -1.54767498e-01
 -1.20449997e-01 -1.30682006e-01  4.85475004e-01 -2.05365002e-01
 -1.69610873e-01  3.34030017e-02 -6.50219992e-02  1.01100013e-01
  1.45657510e-01  3.71549949e-02 -3.59125018e-01 -3.75469998e-02
 -3.52115005e-01  4.19600084e-02  3.16570014e-01  2.93794990e-01
  3.82820010e-01 -2.60280490e-01 -8.31979960e-02 -1.21388003e-01
  9.89799947e-03 -2.76278496e-01  1.64563000e-01  3.68535012e-01
 -6.70799911e-02  1.03029996e-01  5.53005002e-02  7.76199996e-02
 -1.43649951e-02  1.39634490e-01  2.44165003e-01  1.59000009e-01
  3.45759988e-01 -1.62014991e-01 -1.16415001e-01  1.80786490e-01
 -2.38420010e-01 -3.30469996e-01 -6.25010014e-01 -1.97844997e-01
 -2.52009988e-01  6.63949966e-01 -3.42145026e-01 -1.49499997e-02
 -2.19775498e-01  2.44399980e-02 -2.30930001e-01 -8.71099979e-02
 -1.67750001e-01 -1.51540011e-01  9.08885002e-02 -2.08368003e-01
  1.70055002e-01  8.16175044e-02  3.62700075e-02  2.83959985e-01
 -2.49354988e-01 -2.56410480e-01  2.91387498e-01  1.06179997e-01
  1.71269998e-01 -1.22941002e-01  1.40191495e-01  2.75454491e-01
  3.48945022e-01  7.95599967e-02 -2.27924004e-01 -4.52270001e-01
  8.72054994e-02 -1.06564000e-01  4.56254989e-01 -1.32110000e-01
  3.26409996e-01 -6.63850009e-01  1.10171497e-01  1.87962502e-01
  5.00600040e-02  3.43281984e-01 -2.35229984e-01 -2.32198998e-01
  2.32620001e-01 -4.84695017e-01 -2.20146000e-01  1.15034997e-01
  1.40089989e-01 -4.78100002e-01  1.88369989e-01  9.86495018e-02
 -2.43980005e-01  4.75665003e-01 -1.00815490e-01  8.40364993e-02
 -3.79332006e-01 -1.29685000e-01 -8.82000029e-02 -1.00155503e-01
 -5.77645004e-01  7.53100067e-02  4.36725020e-01 -1.82960495e-01
  5.78750014e-01 -2.55550072e-03  2.91050002e-02 -1.48500010e-01
 -3.69580001e-01  3.96944016e-01  2.40449905e-02 -4.46034998e-01
 -2.17627995e-02  1.12224996e-01 -8.64969492e-02 -9.58149955e-02
 -3.93510014e-01 -1.01946995e-01  4.75950018e-02  9.07800049e-02
 -3.02495003e-01  1.97449997e-01  8.77249986e-02 -3.50374997e-01
 -4.85542983e-01  2.62610018e-01 -1.53485000e-01 -2.50330001e-01
 -1.25899985e-02 -4.95159999e-02  5.75900003e-02  1.77635014e-01
  6.96850047e-02 -3.83735001e-01 -6.53049909e-03 -1.54200003e-01
 -4.68505025e-01  2.39055008e-01 -2.08900005e-01 -1.59000047e-04
 -5.76569997e-02  2.95055002e-01  2.10626006e-01 -4.72324967e-01
 -1.43250003e-02 -1.12553999e-01 -5.75435042e-01  3.57745022e-01
  3.09999958e-02 -2.40134999e-01  6.10064983e-01  3.28285009e-01
  6.99909985e-01  2.46509999e-01  1.33125499e-01  8.51190090e-02
  1.68296993e-01 -4.07245010e-01  3.01079988e-01 -2.74320006e-01
  3.64099979e-01  1.53789982e-01  3.97014976e-01  1.08609051e-01
 -1.80054992e-01  2.71270007e-01  1.08354986e-01  1.43855006e-01
 -2.36190498e-01  1.96640015e-01  1.89698488e-01  3.64695013e-01
  5.23699969e-02  2.23504007e-01  3.08047503e-01  5.33149958e-01
 -1.48999691e-03 -2.67454982e-01  2.27699995e-01 -2.16450021e-02
 -4.79450002e-02 -6.18015043e-02 -2.77400017e-01 -2.55362868e-01
  2.63965011e-01 -2.12529987e-01 -1.31499991e-02 -3.07950005e-02
 -3.44020009e-01 -1.05191998e-01  1.78330004e-01 -2.43705004e-01
 -3.28249931e-02  3.37795019e-01  7.45555043e-01 -2.69769996e-01
 -1.09400004e-02 -3.42655003e-01  2.46594995e-01 -4.23858494e-01
  1.43018007e-01  2.58949995e-02 -3.40995014e-01 -6.24001026e-03
  2.64980018e-01  9.71374959e-02  7.37880021e-02  8.24050009e-02
  1.08401500e-01 -2.38515005e-01  4.13704962e-02  2.91868001e-01
  1.46212995e-01 -4.32206988e-01  3.64664972e-01  5.61750010e-02
 -2.67858002e-02  1.02669999e-01 -3.25394988e-01  1.65791512e-01
 -1.04215495e-01 -2.66775012e-01  1.18114993e-01 -3.46804976e-01
 -3.18599939e-02  2.43165001e-01 -1.94225013e-01 -1.79127499e-01
 -2.37934995e+00 -6.39450103e-02  7.21019983e-01  9.54734981e-02
  2.91807473e-01 -4.89065498e-01  2.73525000e-01 -7.74049982e-02
  1.29197240e-01  4.41404991e-02  2.29283005e-01  1.93320006e-01
  3.31555009e-01 -1.64405003e-01 -6.14800006e-02 -2.38232493e-01
 -1.91361010e-01 -1.04780503e-01  2.78066006e-02  6.86309993e-01
 -1.90764993e-01  1.80866495e-01 -7.90160000e-01  2.51974985e-02]",freedom,security,0.46199482269585135,3.6295208561189796,0.999999999680162,0.9999999999622604,0.9999999998212112
tradition vs innovation,"[ 0.218647   -0.1511085  -0.25144002 -0.21458924  0.35199    -0.46339
 -0.076931    0.372245   -0.0745385  -1.14114     0.18657151  0.0134995
 -0.366375    0.186735   -0.04180501 -0.129145    0.0549516   0.047595
  0.111498    0.07102501 -0.113851    0.12374     0.05774945  0.227025
  0.224829   -0.164485    0.01599    -0.05754501 -0.15544     0.12343001
  0.542825    0.048365   -0.12439501  0.182668   -0.69549     0.339915
  0.60221004 -0.166745    0.22429001 -0.288511    0.3685154  -0.25109
  0.057449   -0.05346    -0.282195    0.307559    0.13752499  0.195054
  0.10008051 -0.0187183   0.1041225  -0.176632    0.166115   -0.39016798
 -0.0541015   0.18229    -0.06444199  0.047105    0.09345549  0.2938
  0.44232    -0.082638    0.4346415  -0.008855   -0.2196695   0.289235
 -0.0277365   0.19429001 -0.20305     0.58921003 -0.55517    -0.4493
 -0.01345001 -0.023425   -0.0749685  -0.003645    0.078145   -0.03160501
 -0.082463    0.110171   -0.32979    -0.01096    -0.21810749  0.044668
  0.542475    0.168433    0.22683    -0.17108     0.2395     -0.0509
  0.17536    -0.33275002  0.127456    0.49949503  0.57287    -0.71246505
  0.325547    0.350165   -0.1782195   0.0700265   0.286731    0.465435
  0.04868501 -0.2139245  -0.085193    0.07933    -0.045145    0.176919
 -0.333105    0.242105    0.31592    -0.39819    -0.197415    0.101388
 -0.07263499 -0.31124002  0.05669999  0.05730001 -0.153543   -0.23856
  0.127305    0.1814365   0.086585   -0.247445    0.48330498 -0.3139895
  0.07461751 -0.09268001 -0.05517     0.06517451  0.108934   -0.043889
  0.174441   -0.447125   -0.539843    0.118397    0.08781999  0.242174
 -0.01592001  0.2650235   0.28517     0.02839     0.149078   -0.28418002
  0.337565   -0.18917501 -0.50555503  0.157545   -0.47139502  0.256471
 -0.084461    0.2516818   0.313025   -0.10791451 -0.06176501 -0.216405
 -0.255965    0.28157    -0.27351502 -0.2750645   0.12104499  0.385685
  0.0722785  -0.162603   -0.11634    -0.3400725  -0.092863    0.194351
 -0.290665   -0.07882001  0.06806085 -0.193665   -0.62698996  0.182641
  0.26029     0.146868   -0.09112149 -0.01406501 -0.0269285  -0.15818
 -0.12274    -0.11904998  0.25166     0.012275    0.445715   -0.0508525
 -0.46266    -0.071472   -0.36155    -0.329095   -0.16802564 -0.17181501
  0.26907998  0.33483    -0.095441    0.170835   -0.65307     0.055252
  0.144396    0.18608001  0.4089495  -0.10570499  0.34671497  0.17411299
  0.04590001 -0.1854125   0.009458    0.32801     0.0408065   0.150069
  0.120297    0.046075   -0.226645    0.065465   -0.05554999  0.0665345
 -0.22687049  0.384495   -0.384105   -0.08420001 -0.379718    0.1664905
 -0.06647    -0.080165    0.001575   -0.511385   -0.0427765   0.07440999
  0.560725    0.50519    -0.14384465  0.20254001 -0.011505    0.1906095
 -0.288755   -0.16476     0.138543   -0.54872    -0.212425    0.23337501
 -0.07979999  0.203795    0.24401    -0.056447   -1.10897     0.34171498
 -0.3102085   0.034985   -0.13023485 -0.0551555   0.1208351   0.0699365
  0.06449699 -0.059646    0.13482499 -0.150995    0.197225    0.0077545
 -0.08828951  0.049814    0.42143    -0.62738997  0.28825662  0.12168501
  0.021141    0.12402101 -0.413715    0.056261    0.40118    -0.37007
 -0.21255499  0.022191    0.30828932 -0.273338    0.05822999  0.0482
 -1.114685   -0.1508075   0.32809502 -0.25769502 -0.197265   -0.2261
 -0.1713      0.12561005  0.32222    -0.02965    -0.23499    -0.0324365
  0.162285   -0.05424     0.211795    0.15190971 -0.146525    0.30313498
  0.0490975   0.21792    -0.405065   -0.04072    -0.089783    0.0809705 ]",tradition,innovation,0.4575287073850632,3.499104455742102,0.9857156668755502,0.9507813540554375,0.9682485104654939
individualism vs collectivism,"[ 1.42733991e-01 -8.62850025e-02 -5.54459989e-01 -3.69845003e-01
 -2.33832542e-02 -3.31080019e-01  2.86350027e-02  1.59384996e-01
  3.24120015e-01  2.62351483e-01 -2.95315012e-02 -1.21100023e-02
 -5.68519950e-01 -1.25980005e-02  2.07590014e-01  3.88600081e-02
  5.38325012e-01 -5.71130037e-01 -5.99995255e-05 -1.21004999e-01
  2.64764994e-01  1.54789984e-01 -3.17799985e-01 -2.46830493e-01
  3.17804992e-01 -3.89100015e-01  7.33999968e-01  4.52095002e-01
 -2.50285000e-01  6.98269978e-02  4.65250015e-01  1.40630007e-01
 -5.53750023e-02 -5.48524976e-01  3.66135001e-01  1.76325008e-01
  1.93619996e-01 -4.24894989e-01 -4.95374978e-01  1.40285000e-01
  5.68699986e-02  1.13739997e-01  1.09820254e-01 -6.45415008e-01
  4.64394987e-01 -3.26719999e-01  3.92349988e-01  4.07599986e-01
 -1.35200024e-02  1.19782500e-01  1.94378495e-01 -3.10055017e-01
 -1.45164989e-02 -5.68690002e-01 -8.25389996e-02 -2.27152511e-01
 -2.09334999e-01 -7.22225532e-02 -4.40922499e-01  7.15939477e-02
  7.84574986e-01  1.45295501e-01 -6.00300014e-01 -7.00270057e-01
 -5.40854990e-01  3.36115003e-01 -2.91054994e-01  1.91250034e-02
  3.90805006e-01  6.69304967e-01 -3.43209982e-01 -1.46724999e-01
 -2.14509487e-01 -2.92554528e-01  3.14875007e-01  1.79969996e-01
 -2.92600006e-01  5.05500019e-01 -3.26135010e-01  3.10541481e-01
 -5.00535011e-01 -1.86280012e-01  5.02990007e-01 -9.14369971e-02
 -3.56890038e-02 -1.86025277e-01  5.69660008e-01  3.20749953e-02
  1.82709992e-01  2.62427509e-01  1.26216501e-01 -3.03039998e-01
  4.35249984e-01 -1.45585001e-01  1.93264991e-01 -7.45424986e-01
 -1.53849989e-01  5.69050014e-01 -8.26434970e-01  4.18325007e-01
  3.04575980e-01  3.50592494e-01 -3.92750055e-02  1.99100077e-02
  6.56149983e-02  2.18489498e-01  1.11355009e-02  4.90480006e-01
 -2.17319995e-01 -4.14635003e-01 -2.51345009e-01 -2.49799997e-01
  2.48509999e-02 -1.38544992e-01  2.27755010e-01  4.43785012e-01
  2.22156495e-01  3.03744972e-02 -1.32534504e-01 -1.83170006e-01
  2.67215014e-01 -6.40055016e-02  2.88800001e-02  2.24668503e-01
  6.40280008e-01 -2.91060001e-01 -3.90004992e-01 -1.65100008e-01
 -3.01894993e-01  1.46320000e-01 -2.99650103e-01  2.90750116e-02
  3.19755018e-01 -7.89775014e-01 -5.59705019e-01  2.20225006e-01
 -5.58600016e-02 -2.27520000e-02 -2.19125003e-01 -2.69679993e-01
  2.01272503e-01  6.55829981e-02  3.79114971e-02  1.27450041e-02
 -1.59433007e-01 -2.90580004e-01  2.46649981e-02 -1.51646510e-01
 -7.00105011e-01  4.85370010e-01 -7.34799981e-01 -1.89099997e-01
  6.15855008e-02  5.85650057e-02 -4.32909995e-01  3.31595004e-01
  2.08188504e-01  3.64030898e-01 -5.89324981e-02  1.86725006e-01
  5.55140004e-02 -2.06025004e-01 -1.67484492e-01 -3.01100016e-01
 -1.71955004e-01 -3.29439998e-01 -2.94140019e-02 -2.36560002e-01
 -1.16425008e-02 -9.81595039e-01  1.43916011e-01 -3.62224996e-01
 -4.40584987e-01  6.61340058e-02  2.05240011e-01 -8.02574992e-01
  1.65016994e-01  9.22500342e-03 -2.66259998e-01 -4.21979994e-01
  4.80210006e-01  2.56765008e-01  4.64859992e-01  1.45689994e-01
  1.60634995e-01  4.16014999e-01 -2.55949944e-02 -6.05740026e-02
  4.71204996e-01  3.15724999e-01 -2.12678999e-01 -4.43954989e-02
  5.30794978e-01  3.91494989e-01 -2.16904998e-01  5.35835028e-01
 -5.43595016e-01  9.76600051e-02 -1.71250030e-02 -1.91895008e-01
 -5.72920024e-01 -6.43499196e-03 -5.21560013e-01 -1.66515499e-01
  6.38120025e-02  1.41701505e-01 -4.28000093e-03  1.35548994e-01
  4.60949987e-01  8.48460019e-01 -9.08746943e-02  7.69649968e-02
 -5.13130009e-01  3.41811508e-01 -2.02549994e-01  4.05409992e-01
 -6.16590045e-02  8.18249881e-02  2.73204982e-01  2.69469500e-01
 -6.62270010e-01  5.56569993e-01  2.03511000e-01 -1.99493498e-01
 -7.80455023e-02  3.03339988e-01 -2.14424998e-01  1.93235010e-01
  3.85334998e-01  4.06384990e-02 -2.69840002e-01  2.87912507e-02
 -3.00604999e-01  2.96485007e-01 -4.23229992e-01 -5.37835002e-01
  8.41100067e-02 -3.30640018e-01 -3.60840000e-02 -2.02095494e-01
  1.46100000e-02  2.14933991e-01 -2.27185518e-01  1.04175001e-01
 -3.64500016e-01 -5.61869979e-01  3.38724971e-01 -1.50399953e-02
  4.12665009e-01  3.76773000e-01 -8.52150023e-02  2.53349990e-01
  5.99915028e-01  1.38424501e-01 -5.07104993e-01  4.17115003e-01
  2.83504993e-01 -3.77705008e-01 -4.66175020e-01  3.93739998e-01
  2.95255005e-01 -4.12773013e-01  2.53809988e-01 -1.15614995e-01
  3.28850001e-02  1.48739994e-01 -2.78798491e-01 -1.67020008e-01
  2.90400013e-02 -2.05688000e-01 -3.69000018e-01  4.77755032e-02
 -6.73264980e-01 -5.72239995e-01 -4.44304980e-02  5.21475017e-01
  7.16884971e-01 -1.70790002e-01 -2.60474980e-01 -5.67860007e-01
  3.97365004e-01 -1.45545006e-01 -2.36023992e-01  5.79750001e-01
  1.72481492e-01 -3.71389985e-02 -1.14525016e-02  1.33520007e-01
  1.86849982e-02 -3.31330001e-01 -7.76600093e-02 -3.83400023e-02
  9.74560007e-02  4.96799946e-02  1.31765008e-01 -1.99286997e-01
 -4.39900160e-03  3.35955024e-01  5.84429979e-01 -3.59690011e-01]",individualism,collectivism,0.1493365158326924,0.9797852128660012,0.0,0.0,0.0
stability vs change,"[-3.81674990e-02 -2.07435489e-01 -1.30476996e-01 -3.25625002e-01
 -1.10034004e-01 -1.28589496e-01  9.85649973e-02  5.05460024e-01
  3.94160002e-01 -2.48804998e+00 -3.55549995e-03  6.20935000e-02
 -6.03199974e-02  7.69765005e-02 -3.37499976e-02 -2.67611504e-01
  2.13160008e-01 -6.33500516e-03 -4.03025001e-01  1.15869999e-01
  1.31753013e-01  5.97110033e-01  2.95960009e-01  1.45089999e-01
 -2.87245005e-01  2.06617996e-01 -1.03519998e-01 -1.60704497e-02
 -1.66014999e-01 -2.06704497e-01  4.30065006e-01  1.05560005e-01
 -3.76727492e-01  4.63149995e-02 -6.31353498e-01  4.11565006e-01
 -7.92464986e-02  4.38000262e-03  4.61499393e-03 -6.06835028e-03
 -6.94049895e-02 -3.78664523e-01  5.71200065e-03 -3.91449988e-01
 -2.25159496e-01  4.78449985e-02 -1.36381492e-01  3.71550024e-02
 -5.42089999e-01  1.04051501e-01  1.00904495e-01 -1.93668202e-01
  2.35774994e-01 -5.79699993e-01  6.56130016e-01  6.66965008e-01
  2.75945008e-01  1.17795005e-01  5.55299968e-02  1.95654988e-01
  2.90690005e-01  2.91344989e-02  1.51344001e-01 -2.18795508e-01
 -3.34585011e-01  3.11614990e-01  2.92479992e-01  2.66595006e-01
  1.91254988e-01 -5.26174977e-02 -9.56695005e-02  7.16144964e-02
 -7.18149990e-02 -1.71656489e-01  3.61149997e-01  2.77020000e-02
  6.76501542e-04 -1.90560013e-01 -2.58289993e-01 -1.63750052e-02
 -4.35774982e-01  9.05499980e-02 -1.88495032e-02  2.70181000e-01
  4.15038019e-01  3.11026007e-01  2.30849981e-02  8.41509998e-02
 -4.75075006e-01  1.77749991e-02 -4.32000086e-02  7.58294985e-02
 -4.74454999e-01 -1.84414998e-01 -3.48949991e-03 -3.67520005e-01
  1.70770004e-01 -2.26604998e-01  1.77689999e-01  2.03499794e-02
 -2.19494998e-01  1.57425001e-01  4.37585004e-02  7.15500116e-03
 -4.14999574e-03  4.05755013e-01  1.82934999e-02  1.66535005e-01
  5.98294996e-02 -6.38149977e-02  2.41910011e-01 -1.76174998e-01
 -8.28914940e-02  2.29542986e-01  2.69066513e-01  8.49154964e-02
  2.45595500e-01 -1.82099976e-02 -1.75843999e-01 -2.75105000e-01
  2.14509994e-01 -8.77600014e-02  3.88939977e-01  8.70165080e-02
  1.88329503e-01  6.19021989e-02  3.86830002e-01  2.82800019e-01
  5.82609996e-02  3.11888993e-01  1.35979995e-01  4.29235846e-02
 -5.79250008e-02  3.38831022e-02 -1.31337002e-01 -7.43600130e-02
  6.94855005e-02 -1.02594003e-01  5.57749979e-02  2.41479993e-01
 -2.64145017e-01  2.64595509e-01 -1.40606508e-01 -1.56874985e-01
 -2.24889994e-01 -2.13991493e-01 -5.72390020e-01  2.74434984e-01
 -2.95680016e-01 -4.41460013e-02 -2.22691849e-01 -1.64277494e-01
 -6.22865036e-02 -1.66529000e-01  2.93514997e-01 -1.37767002e-01
  2.73809992e-02  8.46400112e-02 -3.69535029e-01  4.06749919e-02
 -3.67155001e-02 -4.58130002e-01 -3.60480011e-01  4.39669974e-02
  1.42762005e-01 -6.76959977e-02  8.73129964e-02  8.04850012e-02
 -2.13225007e-01  3.28404993e-01  4.89565015e-01 -1.19159006e-01
 -2.01485008e-01 -9.77250040e-02  1.45399988e-01 -1.94855005e-01
  1.10460497e-01  9.89050046e-02 -4.98080030e-02  4.08425003e-01
 -3.59324992e-01 -4.16934997e-01  2.20690504e-01  6.87759966e-02
 -2.91252494e-01  3.79804999e-01 -1.87494993e-01  2.94939995e-01
 -4.05034512e-01 -1.19167492e-01 -1.76890001e-01  2.55854987e-02
  6.89214990e-02 -5.96700013e-02  1.62087992e-01  1.65529996e-01
  5.43805003e-01 -1.13575004e-01  4.39445019e-01  8.56595039e-02
  6.36189997e-01  3.08425009e-01  2.12540001e-01  3.68545502e-02
  7.97899961e-02 -1.20065004e-01  4.23974991e-01 -9.42799896e-02
 -3.58499959e-03  3.61484498e-01  1.34110004e-01 -2.09787488e-01
  3.15245003e-01 -9.08530038e-03  4.63353425e-01  1.02715001e-01
  4.74449992e-02  3.18099976e-01  9.17857960e-02  6.56585023e-02
 -1.39805496e-01  2.31607497e-01  1.51482999e-01  2.05890000e-01
  1.51672006e-01 -1.46555007e-01  1.12336993e-01  6.87470019e-01
  1.66480005e-01 -2.76693515e-02  1.44915000e-01  2.29829997e-01
  1.96314991e-01 -1.80179000e-01 -2.51529515e-01 -1.15202501e-01
 -2.55814999e-01  1.69064999e-01  4.06289995e-01  2.59299994e-01
 -1.31960005e-01  3.22633982e-01  3.39505017e-01  4.43560004e-01
 -6.66580021e-01 -2.04539984e-01  3.44685018e-01 -1.72593996e-01
  7.50495046e-02 -2.39485011e-01  1.28234997e-02 -2.12734997e-01
  3.54150012e-02 -1.22704998e-01 -2.97139525e-01  2.35239998e-01
 -2.23450005e-01 -8.13219994e-02  4.47672516e-01  4.99849916e-02
 -1.42444998e-01 -4.27515000e-01  2.64749974e-02  4.63690013e-01
  1.74850002e-02  4.15046513e-02 -4.50314991e-02  4.61885005e-01
  1.52204499e-01 -1.71319500e-01 -1.52853996e-01  2.51679987e-01
 -2.72256494e-01  2.86343992e-01  6.55364990e-02 -7.65829980e-02
 -1.43939996e+00  3.87229979e-01  1.17390001e+00 -2.82929599e-01
  9.88099948e-02  1.13909997e-01 -2.71990508e-01 -4.73750085e-02
  3.17440003e-01 -3.35399985e-01  6.16710000e-02 -1.85424998e-01
  1.19311005e-01 -7.91300014e-02 -2.24411994e-01 -7.51855001e-02
  8.94999504e-03  7.28000700e-03  8.76115039e-02  5.95042467e-01
 -2.04180002e-01 -1.06336996e-01 -3.64499986e-01  1.86535001e-01]",stability,change,0.4398641463369131,3.4136639359600336,0.9292176923943173,0.918536431813326,0.9238770621038217
equality vs merit,"[ 2.75499746e-03 -2.45671004e-01 -1.49810001e-01  1.58354998e-01
 -3.38484496e-01  2.32610002e-01  4.75924999e-01  2.47409999e-01
  4.57044989e-01 -1.16194999e+00  1.94549993e-01  2.72285014e-01
 -3.54165018e-01  3.40979993e-02 -1.08874999e-01  5.75850010e-01
  3.46572518e-01  2.41730496e-01 -1.78280011e-01 -3.45259994e-01
  7.24390000e-02  5.61623037e-01 -2.63019502e-01 -3.35384995e-01
  5.13985008e-02  9.62800011e-02  1.14220001e-01 -1.00630000e-01
  1.89699501e-01 -1.18958004e-01  2.25175008e-01 -2.91827977e-01
  5.40300086e-02 -4.17205006e-01 -7.45275021e-01 -2.81145014e-02
  4.68970001e-01 -7.61749893e-02  8.54965001e-02 -1.30527496e-01
  3.82324994e-01 -6.83789968e-01 -3.79115008e-02 -2.57558495e-01
 -3.42055023e-01 -2.58204997e-01 -3.71840984e-01  2.11854994e-01
  7.86499977e-02 -3.70779991e-01  1.17050000e-01  2.34820008e-01
  1.90936059e-01 -1.80655003e-01 -2.45175004e-01  9.75475013e-02
 -1.14758499e-01 -1.98660001e-01  1.53423846e-01  2.03617990e-01
  4.12180007e-01 -3.92010987e-01 -1.61359996e-01 -1.59455001e-01
 -5.80260038e-01  9.88020003e-02  3.30675006e-01  3.37590009e-01
 -2.08763987e-01 -1.74304992e-02 -8.77899975e-02 -4.32039976e-01
 -6.74349964e-02 -2.48765007e-01  2.39950001e-01  6.03680015e-01
  3.23379993e-01  6.94749970e-03 -1.70385003e-01  8.51089954e-02
 -2.64820009e-01  4.96145010e-01  4.23404992e-01  1.21045001e-01
 -2.09879994e-01 -2.79202014e-01  4.52964991e-01 -7.07550049e-01
 -4.07435000e-02  1.32339984e-01 -2.44999006e-01 -6.86484993e-01
  3.70910019e-01  1.41499937e-02  1.88310012e-01 -4.48624969e-01
  1.80458993e-01 -2.30210006e-01 -3.68072510e-01  1.77223995e-01
  1.39224499e-01 -1.84272498e-01 -1.95671007e-01 -1.19295001e-01
 -2.56499648e-03 -1.12575024e-01 -1.90758005e-01  7.43149966e-03
 -3.90089989e-01 -4.65784997e-01  2.87689984e-01  3.80150080e-02
  6.45285010e-01 -3.64360988e-01 -1.88380003e-01  6.31541982e-02
  2.66669512e-01  1.17805004e-01 -3.05359989e-01  3.41170013e-01
  1.38164997e-01  5.98240018e-01  5.24874985e-01  3.34049948e-03
  1.62555009e-01 -4.95099992e-01  1.22963503e-01  4.96910006e-01
 -2.11671352e-01  3.75530005e-01 -3.11114997e-01 -4.15430009e-01
  4.75035012e-01 -2.72058487e-01 -5.71779981e-02 -1.28394991e-01
  5.13414964e-02 -6.98050112e-02 -1.13275498e-01 -5.92499971e-03
  2.52864987e-01  3.72816503e-01  2.15920001e-01 -2.41397500e-01
  4.73920017e-01 -5.20990014e-01 -5.27095020e-01  2.25694984e-01
 -1.32530004e-01  5.89499995e-02  1.48199946e-02 -2.73600072e-02
  2.57284999e-01  1.69942990e-01 -3.06290001e-01 -1.88300014e-02
 -2.04560503e-01 -3.68835002e-01 -6.68769982e-03  1.58865005e-01
  3.21452022e-01  2.58630008e-01 -8.17399919e-02 -7.95650035e-02
 -1.71815008e-01 -3.19815010e-01 -3.77453506e-01 -1.09311499e-01
  2.65150070e-02 -1.60650015e-02  3.09329480e-01 -3.69190007e-01
 -6.05215013e-01  4.79418993e-01  4.92765009e-01 -4.38664973e-01
 -2.02818096e-01  9.06600058e-02 -1.02499127e-03  4.48895007e-01
 -6.59994781e-04 -1.91361606e-01  2.59818494e-01 -1.39465004e-01
 -2.24668488e-01 -1.19622998e-01 -5.37840009e-01  2.57978499e-01
 -2.49315500e-01  2.06035018e-01  1.69230014e-01 -2.34730005e-01
  1.66230500e-01  2.08543003e-01 -4.81000006e-01  1.29759997e-01
  9.52230021e-03  1.16346747e-01 -2.59276003e-01 -2.01995000e-02
  4.32456493e-01 -3.35479021e-01 -3.78075004e-01 -3.38654995e-01
  3.18204984e-02  1.93631008e-01  1.54819012e-01 -7.69989938e-02
  4.70935017e-01  1.51439995e-01  9.45400000e-02  1.60329998e-01
 -3.47845018e-01 -2.18218490e-01  3.51789519e-02 -8.44199955e-02
  1.31515004e-02  7.33489990e-01  3.90289009e-01 -2.22804993e-01
 -6.08190000e-01  2.65574992e-01  3.07749957e-02 -5.75350001e-02
 -3.77780020e-01 -3.71224999e-01 -3.50749940e-02  3.46244983e-02
 -1.06650032e-02  2.36273497e-01 -6.98395014e-01 -3.24584991e-02
  4.05822515e-01 -1.67768508e-01 -3.11899990e-01 -1.30964503e-01
  1.10075027e-02 -5.53924978e-01  9.70720053e-02  9.32390019e-02
 -1.61950067e-02  9.27099958e-02  4.86930013e-01  7.74755031e-02
 -7.39894986e-01  7.71359950e-02  1.92674994e-01  1.41135007e-01
  1.68202505e-01  3.77350301e-03 -2.75985003e-01  2.99829990e-02
 -1.01705007e-01 -3.75945002e-01 -1.47864506e-01 -2.73719996e-01
 -1.59860000e-01 -1.07535005e-01  2.09075004e-01  7.30329975e-02
  4.68989998e-01 -2.09013492e-01  4.94715005e-01 -1.04300998e-01
 -6.43250048e-02  2.05999613e-03 -1.05270006e-01  1.43306494e-01
  1.85831994e-01  2.58949846e-02 -4.80999053e-03 -2.85109997e-01
 -3.42900008e-02  1.28542006e-01 -3.64610016e-01  1.71199992e-01
 -8.53789985e-01 -4.39209998e-01  1.03903008e+00 -7.45050013e-02
  2.10270002e-01 -7.33350039e-01 -2.42522493e-01 -1.45585001e-01
  3.23056996e-01  3.66440006e-02  1.10852495e-01 -9.01874974e-02
  1.22237347e-01 -2.32859999e-01  6.60900027e-02 -6.70449957e-02
 -1.36240005e-01  1.24119997e-01  3.05484999e-02  3.07599992e-01
  1.03679501e-01  2.19679996e-01  2.97165006e-01  4.51999903e-03]",equality,merit,0.4075800657272339,3.187349006591346,0.8259609424833567,0.8331260513716344,0.8295434969274955
science vs religion,"[ 1.67199969e-02 -2.65836507e-01 -1.23149976e-02  2.93079987e-02
 -1.44419506e-01 -3.37879986e-01  8.56600031e-02  2.01848194e-01
  5.51959991e-01 -1.45990002e+00  3.17289978e-01 -1.24974996e-01
  3.80039990e-01  3.11020017e-01  5.26589990e-01  8.19499791e-03
  3.41199994e-01  2.14479998e-01  1.50965497e-01  2.28440002e-01
 -8.27454999e-02  1.02098703e-01 -2.63034999e-01  8.85145068e-01
 -1.07398003e-01  4.06663507e-01  2.59229988e-01 -1.27113998e-01
  8.83174986e-02 -5.82281500e-02  5.44885039e-01  1.34495005e-01
 -2.12895006e-01 -1.83700025e-02 -5.61140001e-01  4.25224990e-01
  2.55879998e-01 -4.36345004e-02 -3.11500579e-03  2.05895007e-01
  6.27924979e-01 -3.00035000e-01 -1.51751995e-01 -6.53000176e-02
  3.45714986e-01 -4.54379991e-02 -1.03341497e-01  4.86490011e-01
 -6.59779981e-02 -7.64850080e-02 -3.83599848e-03  3.64169985e-01
 -7.09500015e-02 -1.82382494e-01 -9.82735008e-02  1.02830000e-01
  3.43209028e-01 -5.80825031e-01  2.05476865e-01 -3.35865021e-01
  2.36460000e-01  7.46770024e-01  2.29689986e-01  3.35889995e-01
 -4.96285021e-01 -3.26404989e-01  1.90059990e-01  1.18883505e-01
 -6.67800009e-02 -5.12500107e-03 -1.89700499e-01  1.51450038e-02
  3.69846016e-01 -3.00195009e-01  1.69854999e-01  3.39505017e-01
  3.82710010e-01  3.56975019e-01  1.67694509e-01 -9.95490029e-02
  1.72767997e-01 -4.33749974e-01 -4.52859998e-01  1.55029997e-01
 -2.28585005e-01  4.73200023e-01  2.67360002e-01  2.61785001e-01
 -2.52920002e-01 -2.28254989e-01 -3.89719993e-01 -2.74179995e-01
  8.12655091e-02  1.22918002e-01  1.64655507e-01 -7.57155046e-02
  7.12049901e-02  6.23494983e-01 -3.34270000e-01 -2.80515015e-01
  1.67695001e-01  1.49941504e-01  7.95599967e-02  1.96705505e-01
  3.28649998e-01 -2.03349963e-02 -5.39449900e-02  1.56219512e-01
 -6.30780011e-02 -3.85164991e-02  1.14400014e-02 -6.78719997e-01
 -8.45604986e-02 -3.74610007e-01  2.47539997e-01 -4.48555499e-02
 -1.27805009e-01 -9.60114971e-02  6.86779469e-02  5.75650036e-02
  5.63969985e-02  2.75875002e-01 -2.44815007e-01  9.32059959e-02
 -1.54951006e-01  7.78319985e-02 -5.13100103e-02 -2.32977986e-01
  2.65585005e-01  5.09440005e-02  1.31689996e-01 -5.99115014e-01
  5.05414963e-01 -3.30056518e-01 -2.34174013e-01 -4.80594993e-01
  7.70400017e-02 -2.25500762e-03 -3.91254991e-01  3.89025003e-01
  2.75146991e-01  2.08030000e-01  4.38594997e-01 -4.59450006e-01
  3.77240002e-01  5.21885008e-02  7.50949979e-03 -3.95058505e-02
  6.59594983e-02  3.80250007e-01  5.15799999e-01  8.73090029e-02
  3.79930019e-01  1.35551646e-01 -2.61575013e-01  4.52049822e-03
 -1.63945004e-01  6.57704994e-02  3.45544994e-01 -4.56050009e-01
  6.03004992e-01  3.42764974e-01  4.78730023e-01 -1.98650062e-02
 -5.90299815e-02 -9.45836008e-02 -1.10539496e-01  7.97564983e-02
 -2.70830005e-01  4.59199920e-02  1.45105004e-01 -7.62690008e-01
 -7.90194988e-01  2.13217497e-01  1.33993492e-01  1.98558509e-01
 -6.28514960e-02 -5.25619984e-01 -1.28329992e-01 -1.95175007e-01
 -4.98149991e-02  1.94054991e-01 -1.58833504e-01  1.42609999e-01
  2.04624996e-01  2.33104993e-02 -2.95139998e-01 -1.43657506e-01
 -5.38849831e-03 -1.50570005e-01 -3.50120008e-01 -2.15997502e-01
  6.59985006e-01  2.05647513e-01 -1.74129501e-01  3.83580953e-01
  3.59530002e-02  4.50199991e-02 -9.87999141e-03  1.52402997e-01
  4.78295028e-01 -1.24787003e-01 -2.96724975e-01 -1.09634995e-01
  1.50199980e-02 -5.44209957e-01  2.29945004e-01  5.80250025e-01
 -3.29499990e-02  1.30690008e-01 -7.29050040e-02 -4.85499948e-02
  1.32590503e-01  1.30250007e-02 -1.63699001e-01  3.71380001e-01
 -2.12400004e-01  5.05604982e-01  5.97485006e-01  2.36430019e-01
 -4.08675015e-01  2.12060004e-01 -4.04399991e-01  2.69749910e-02
  6.52389973e-02 -2.87860006e-01 -3.36194485e-01  5.59481144e-01
  5.01405001e-01  6.18730009e-01  7.23055005e-02 -5.83450049e-02
 -1.30106494e-01  3.80299985e-02 -5.91949999e-01 -1.92665011e-01
  3.08900028e-02 -1.67216003e-01 -3.74419987e-01  1.56544998e-01
  6.24549836e-02  1.62929997e-01  5.00909984e-01 -2.54575014e-01
 -9.97485042e-01  1.59604996e-01 -6.47315025e-01  2.04817489e-01
  1.31899938e-02  3.40900004e-01 -2.31959999e-01 -1.01242006e-01
  1.04993582e-04  1.44376650e-01 -1.54877514e-01  2.70985007e-01
  2.98025012e-01 -8.16139996e-01  1.20190009e-02 -1.26016006e-01
  2.54554987e-01 -6.71154976e-01 -4.42882441e-02 -5.19559979e-01
  2.11940497e-01 -4.43189979e-01 -5.65400004e-01  6.13569990e-02
  3.06695014e-01  5.55760026e-01 -4.04269993e-01 -9.59599912e-02
  8.98500532e-03 -2.15950012e-02 -3.07060003e-01 -8.14700052e-02
 -1.43065000e+00 -1.51435003e-01  9.68100011e-01  4.96920012e-02
 -1.17174998e-01 -5.71495056e-01 -3.95929992e-01 -3.53980005e-01
  5.63660026e-01  3.37789990e-02 -4.54635024e-01  1.23245001e-01
  2.31855005e-01  2.41701990e-01  7.38839954e-02 -5.10140002e-01
 -3.96550000e-01  1.78945005e-01  1.26199946e-02 -1.24471501e-01
 -3.32850032e-03  3.68350074e-02 -1.32040501e-01  5.09729981e-01]",science,religion,0.4095453992486,3.157225444793872,0.8322468254347979,0.8217575354696648,0.8270021804522314
nature vs technology,"[-2.38949955e-02 -7.27770030e-02  1.69936001e-01 -3.89652461e-01
  1.57534987e-01 -3.11710000e-01  6.53219968e-02  9.06160027e-02
  3.61675024e-01 -1.97985005e+00  7.11325049e-01  5.32795005e-02
 -2.61733502e-01 -1.75210014e-02  3.03252488e-01 -1.37184501e-01
 -7.60399997e-02 -7.53339976e-02  1.14900023e-02  2.33853847e-01
 -1.44432992e-01  1.72782049e-01  1.12440497e-01  6.55794978e-01
 -7.60964975e-02  3.41719985e-01  1.65855020e-01  2.02899873e-02
 -2.37875015e-01  1.90855503e-01  4.65200007e-01  1.38049990e-01
 -1.15724996e-01  1.50979996e-01 -2.57557511e-01  3.64535004e-01
  8.77095014e-02 -1.75444007e-01 -1.57969996e-01 -2.97659993e-01
  1.97194993e-01  3.40200007e-01  2.22551003e-01  4.09584999e-01
 -2.22259998e-01  1.30295008e-01  6.83499873e-03  1.50855511e-01
  4.78124976e-01  6.23199940e-02  1.96802557e-01 -5.56619987e-02
  6.06999919e-03  2.14494988e-02  1.32579505e-01  2.19746485e-01
  3.21549922e-02 -1.96235001e-01  1.85190007e-01 -9.66764987e-02
  2.28699997e-01  2.60995507e-01  1.59474000e-01 -3.92875522e-02
 -2.98849940e-02  2.11795002e-01  5.31300008e-02  1.15510002e-02
 -2.02435002e-01  2.85905004e-01 -3.64174992e-01  1.24833003e-01
  3.29424977e-01  7.10003078e-04  3.02614998e-02  2.30809510e-01
  4.85000014e-03  1.06050074e-03 -1.20901503e-01  1.03732497e-01
 -1.32321000e-01 -5.59800029e-01 -3.90799999e-01 -3.13030005e-01
  9.63499919e-02  2.03689992e-01  1.00994997e-01  4.63244975e-01
 -2.73745023e-02 -9.26998258e-03 -4.26824987e-01 -8.97500068e-02
  2.28109986e-01  2.01100007e-01 -4.23128009e-02 -5.77500463e-03
 -1.09804988e-01  2.02370003e-01  1.89067990e-01 -5.58025002e-01
 -1.77294999e-01  2.05136999e-01 -1.28722504e-01  1.66615009e-01
  6.42340034e-02 -5.28144985e-02  9.28339958e-02 -5.74820042e-02
 -3.36040020e-01 -3.79979983e-02  5.17494977e-02 -4.69534993e-01
 -3.79655004e-01 -2.85050005e-01  3.41480017e-01  5.62759973e-02
  3.64324987e-01  1.46309495e-01  1.44312501e-01  2.51964986e-01
 -6.11005053e-02 -1.21765003e-01 -1.52349010e-01 -3.39260489e-01
  7.65815005e-02 -9.69715565e-02 -1.74272001e-01  1.51351497e-01
 -3.59629989e-01  2.16849968e-02  2.48530000e-01 -8.27350020e-02
  1.11225002e-01  1.27704993e-01 -4.34909999e-01 -2.06004620e-01
  2.45795012e-01  4.39295033e-03 -1.92664996e-01  1.20285004e-01
  3.38629991e-01 -1.76384494e-01  2.76805013e-01 -3.10360521e-01
  8.00849944e-02  1.58205003e-01 -9.48899984e-03 -1.33940011e-01
 -2.49870002e-01  7.13464916e-02  1.85619995e-01  2.51720026e-02
 -1.01199895e-02  6.60969988e-02  2.39755005e-01 -1.20460004e-01
 -1.99734509e-01  2.38485008e-01 -5.99532500e-02 -3.98119986e-01
  9.78555009e-02 -3.78805012e-01  3.18199992e-01 -2.79465020e-01
  1.08655006e-01 -2.08039999e-01  2.70850509e-01  1.17885001e-01
 -5.17529964e-01  2.44490013e-01 -1.29034996e-01 -1.81003496e-01
 -5.60835004e-01  2.20678508e-01 -2.24938497e-01 -2.03863502e-01
  1.53686002e-01 -2.79624999e-01 -1.32516995e-01 -1.21705495e-01
  6.67659938e-02 -3.30514997e-01 -2.58350074e-02 -1.47792995e-01
 -1.14590004e-01 -1.24858499e-01  5.58199957e-02 -1.97719991e-01
 -2.06909999e-02 -1.00815997e-01 -1.26800001e-01  1.31761000e-01
  2.06244990e-01  1.75252497e-01 -4.71409976e-01  2.50919998e-01
 -2.79569983e-01 -1.19267501e-01 -5.16850054e-02  5.11610210e-02
  5.03454983e-01 -2.38670498e-01 -3.49200070e-02 -1.75193489e-01
 -6.26749992e-02 -2.89189994e-01 -1.11406498e-01  4.47595000e-01
 -1.64535001e-01 -1.34910017e-01  3.29806000e-01  1.02209993e-01
  1.16638497e-01 -1.96429998e-01 -1.98249996e-01  2.15539992e-01
 -2.47634992e-01  4.93942022e-01  6.77449852e-02  4.89655018e-01
 -1.17987998e-01  2.10879996e-01 -9.47735012e-02 -2.01540031e-02
  1.58707008e-01 -1.80519998e-01 -3.36659998e-01 -4.13134992e-01
  1.89500004e-02  3.92230004e-01  9.39727053e-02  7.56799877e-02
  2.84915000e-01 -2.05915004e-01 -2.47752488e-01  1.03479996e-01
 -1.22157499e-01 -2.86215007e-01 -3.45569998e-01  4.32835013e-01
  5.55525005e-01  2.78485000e-01  4.81784999e-01 -6.58499822e-03
 -1.14184999e+00 -7.70500023e-03 -4.58445013e-01 -3.76919508e-01
  7.55024999e-02  1.55983001e-01  7.98399970e-02 -1.64315000e-01
 -2.11425006e-01 -3.60809974e-02  1.29615009e-01  2.74145007e-01
 -6.33199960e-02 -2.23663852e-01 -2.93706000e-01 -1.03177994e-01
  3.27501446e-04 -2.76125014e-01 -3.21065485e-01 -5.76894991e-02
  8.45400095e-02  1.16991498e-01 -5.27580023e-01  3.12875003e-01
  4.01964992e-01  8.70409980e-02 -7.26199895e-02  2.43460000e-01
 -6.89350069e-02 -1.48265004e-01 -2.40648001e-01  2.11180001e-01
 -1.60734999e+00 -5.59499860e-03  3.92112017e-01 -5.27099967e-02
 -4.95754480e-01 -2.82211989e-01 -1.02156505e-01  1.10310003e-01
  4.63809997e-01 -5.92620015e-01 -2.43254989e-01  8.54599848e-03
  1.73688501e-01 -1.25312999e-01 -1.26704991e-01 -3.86889994e-01
 -1.18720002e-01  6.81349933e-02  1.95225000e-01  4.10514981e-01
 -2.76549995e-01 -4.43150103e-02  2.00130001e-01  6.90895021e-02]",nature,technology,0.4493229201063514,3.475170270247159,0.9594704429491037,0.9417486848701235,0.9506095639096136
rights vs responsibilities,"[-8.30900073e-02 -1.10353999e-01  2.12349892e-02  1.60234988e-01
 -1.91780001e-01 -4.76199985e-02 -4.73984987e-01  7.32414961e-01
 -5.52200004e-02 -1.49695003e+00 -5.07979989e-01  1.19175002e-01
 -4.36024994e-01 -3.71174991e-01 -2.11540997e-01  1.82179987e-01
  2.25299999e-01  3.82615000e-01  6.66664988e-02 -1.26310006e-01
  3.04830000e-02  5.47440015e-02 -2.39730000e-01 -1.78427503e-01
  5.30449897e-02  4.57095027e-01  5.73050082e-02  2.92325020e-01
 -6.09675013e-02  2.26011015e-02  4.46125008e-02 -2.42200017e-01
 -2.18775004e-01 -3.00135016e-01 -3.38429987e-01 -2.91359991e-01
  3.23520005e-01 -1.35535493e-01 -3.11720520e-01 -1.66133001e-01
  4.68765020e-01 -2.34929010e-01  3.94275010e-01 -1.63264990e-01
 -2.42505014e-01  3.24479997e-01 -2.28240013e-01  2.75934994e-01
  2.74994493e-01 -1.61784999e-02 -1.47764999e-02 -7.04749897e-02
 -4.16841097e-02  1.29257396e-01 -1.24929994e-01 -3.00444998e-02
  4.06840026e-01  1.51549950e-02 -7.53350034e-02  1.32483006e-01
  4.27019984e-01 -1.45754993e-01 -1.84300005e-01  2.59580016e-02
 -2.27394998e-01 -1.35159999e-01 -2.38131493e-01  3.32450002e-01
 -1.37249827e-02 -4.07284975e-01 -3.37049961e-02 -2.43245006e-01
 -1.80646494e-01  2.84770012e-01  1.69559002e-01 -1.27753496e-01
 -2.79314995e-01  5.12740016e-01  4.24809977e-02  8.53650048e-02
 -2.59328485e-01  9.97900069e-02  1.10481501e-01 -8.12100172e-02
  3.21947485e-01 -6.01349920e-02  1.42487511e-01 -1.85294002e-01
 -9.56790000e-02 -1.18650049e-02 -4.93129998e-01 -2.27059990e-01
 -2.21320987e-01  7.37509966e-01 -8.08489978e-01 -2.95109987e-01
 -2.88304985e-01  2.48249993e-02 -3.27849984e-02 -7.55599961e-02
  2.16600001e-02 -8.74099970e-01 -5.74765027e-01 -2.55354494e-01
  2.02454999e-01  3.73944998e-01  2.67986000e-01  2.04618499e-01
 -1.69784993e-01 -4.29000109e-02  4.96151477e-01  1.58152997e-01
 -4.15250003e-01  3.64280999e-01 -1.67258009e-01  5.65550029e-02
  4.59024996e-01 -3.62580001e-01 -1.10913500e-01 -1.80329993e-01
  1.90047994e-01  2.64092505e-01  4.18225020e-01 -4.83700037e-02
 -9.85335037e-02 -1.87069997e-01 -3.45014989e-01  3.05015028e-01
 -8.59460011e-02  4.96010035e-02  1.12049997e-01 -4.69980001e-01
 -4.36749980e-02 -3.71760011e-01  2.45914996e-01 -1.75274491e-01
  7.61145055e-02 -1.42118499e-01 -3.71810019e-01  2.62244493e-01
  3.47340524e-01 -2.30624992e-02  2.59469986e-01 -1.55827001e-01
 -4.37544025e-02  2.16601998e-01 -1.61094993e-01  2.17832997e-01
 -2.51049995e-02 -8.85300040e-02  4.30590004e-01  4.35049981e-02
  4.01800007e-01  1.72499940e-03 -3.68360996e-01  3.59304994e-01
 -2.81924993e-01  2.80094985e-03  1.50934994e-01  2.74304986e-01
  3.55210006e-01  1.00852750e-01  7.31249899e-03 -5.61749935e-02
 -2.64674991e-01 -1.31985009e-01  2.03238502e-01 -7.33460039e-02
 -3.84195000e-01  4.52614993e-01  8.49814992e-03 -1.52860004e-02
 -6.69799984e-01  5.27699962e-02 -2.27237195e-01 -3.52555007e-01
  1.75570011e-01  2.71250486e-01 -2.90926486e-01  4.43187505e-01
 -7.77619928e-02 -1.04194999e-01  2.74154991e-01 -1.90770999e-01
 -2.54685014e-01  2.44499981e-01 -4.86240000e-01  1.23711996e-01
  1.24844998e-01 -1.65545002e-01  4.34215009e-01 -6.40799999e-01
 -2.74154991e-01 -1.50989503e-01  2.51165003e-01  7.54674971e-02
 -3.11919991e-02 -1.20530002e-01  1.94997996e-01 -2.19909996e-01
  3.56979996e-01  4.07605022e-02  5.23549989e-02 -8.38349983e-02
  4.41100001e-01  2.53012002e-01  2.47047991e-01 -2.20039994e-01
  6.10239983e-01  2.24869505e-01  9.39240009e-02  2.46837497e-01
 -3.47299948e-02  2.63965011e-01 -2.63895005e-01  2.45822400e-01
 -2.57296503e-01  2.34834999e-01 -2.68699974e-02  2.76024997e-01
 -6.47660017e-01 -1.91239998e-01  9.93500054e-02  4.42385018e-01
 -3.24965000e-01  2.59639978e-01  3.53430003e-01  3.96355003e-01
 -7.75699914e-02  7.51549974e-02 -1.27255008e-01 -7.40150064e-02
  4.17084992e-02 -3.78354996e-01  5.01000136e-03  6.13439977e-02
 -5.06870031e-01  1.32494509e-01 -3.34895015e-01 -3.93335015e-01
 -1.16870008e-01  3.40485007e-01  9.85234976e-01 -3.84165019e-01
 -8.80559981e-01  1.05786500e-02  1.49000064e-02 -1.38084993e-01
  1.78975835e-01  3.14885020e-01 -1.81814998e-01  5.98540008e-02
 -4.84049991e-02  2.12167993e-01  1.06864996e-01  5.71094975e-02
 -3.80530000e-01 -1.59659997e-01 -1.10641494e-01  6.41880035e-02
 -1.24767005e-01  4.19799984e-02  5.64164996e-01  4.32699978e-01
 -3.06724995e-01  2.10989997e-01  5.36999851e-03  7.08599985e-02
 -4.86379981e-01 -1.82999998e-01  2.28420988e-01  2.18085006e-01
  5.44304997e-02  5.85608482e-01  5.98949976e-02  5.26800007e-02
 -1.74725008e+00  7.67502189e-03  1.13726997e+00  8.89295042e-02
  1.48181498e-01 -3.49564999e-01  2.34676987e-01 -1.36167496e-01
 -8.79350007e-02  1.56069994e-01  5.59260011e-01  2.20913991e-01
  2.26821497e-01 -1.92850083e-02 -3.66895020e-01 -8.23899955e-02
  1.89195007e-01 -7.14205027e-01 -2.55199969e-02  8.69159997e-01
 -2.55477488e-01  1.68334991e-01 -1.13518000e-01 -1.62309989e-01]",rights,responsibilities,0.40083145117387176,3.1664667802701065,0.8043763103048256,0.8252451797935116,0.8148107450491686
local vs global,"[-2.52039999e-01  1.53971493e-01  1.06955007e-01 -1.00152999e-01
  1.86819002e-01 -6.16499931e-02 -3.58000398e-03  7.74610043e-01
 -1.86914988e-02 -1.81800008e+00  4.76018488e-01  2.83990502e-01
 -8.49800035e-02  3.61262977e-01  1.26485005e-01 -2.81202495e-01
 -3.84470016e-01  4.87300009e-03 -3.02125007e-01 -1.94526508e-01
 -3.80640000e-01  8.71700048e-02  3.93914998e-01 -2.52700001e-02
 -2.24599987e-02 -5.15500009e-02 -6.17475025e-02  4.27340001e-01
 -3.70799005e-01  7.24735036e-02  2.14750022e-02  1.23424992e-01
 -9.92240012e-02  2.07474977e-01 -8.86715055e-01 -4.40625027e-02
  8.23714957e-02 -4.56660017e-02  7.42150024e-02 -3.34049985e-02
  6.06549978e-02 -2.37839997e-01  4.52769995e-01  2.67969996e-01
 -3.09415013e-02  2.04518512e-01  1.86205000e-01 -2.67642498e-01
 -9.38895047e-02  7.49449953e-02  2.54124999e-01 -9.39905047e-02
 -1.22992001e-01 -1.31349996e-01  2.32625008e-01  2.34595001e-01
 -8.42924938e-02  5.07565022e-01 -1.72297999e-01  7.37605020e-02
  3.24059486e-01 -3.55235003e-02 -1.64292499e-01 -7.90029988e-02
 -3.66225004e-01  1.03119999e-01 -2.48799920e-02  4.46399972e-02
 -3.27386975e-01  3.81719992e-02 -2.88819987e-02  3.08655977e-01
 -1.58417001e-01 -3.30585510e-01  2.62064993e-01 -1.28635004e-01
 -6.33235052e-02 -4.06800024e-02 -2.51996011e-01  1.68408498e-01
 -7.39089996e-02 -3.09145004e-01 -4.10600007e-02  9.74345058e-02
  3.51774991e-01 -2.41140008e-01 -9.42000002e-03  1.86290011e-01
 -3.02450061e-02  2.23650038e-02 -1.97304994e-01 -3.47959995e-02
 -8.45799968e-02  8.17672536e-02 -1.00609496e-01 -6.25194982e-02
  6.49050027e-02  1.08924985e-01 -6.59499913e-02  1.24650002e-02
 -7.25249946e-02  3.32195014e-01 -2.75124997e-01 -2.35886499e-01
  1.67157501e-01  2.26675004e-01 -3.07650119e-03 -3.53715010e-02
 -3.47549990e-02  2.82353997e-01 -1.07404999e-01 -5.70250034e-01
 -2.62056500e-01  2.81414002e-01  6.21890008e-01 -1.16152495e-01
 -7.47449994e-02 -1.07570000e-01 -9.38450024e-02 -3.27464998e-01
 -1.22740000e-01 -1.53600007e-01  2.75519997e-01  3.93899977e-02
  1.39610004e-02  7.01555014e-02 -5.24869002e-02  1.51733488e-01
 -2.37410009e-01 -4.45659995e-01  6.13099933e-02  1.90200001e-01
  3.51600051e-02 -2.16765508e-01  1.62509501e-01 -1.65528998e-01
 -1.14775002e-02 -2.86835022e-02 -1.20092496e-01  2.26363495e-01
 -3.17955017e-01  2.46834993e-01  2.74717987e-01 -1.34250000e-02
 -3.57745998e-02  2.76696503e-01 -2.26074994e-01 -4.17806506e-02
  1.82844996e-01 -1.33738488e-01  8.51864994e-01  2.07425445e-01
  2.72395015e-01 -1.05183497e-01  3.41865003e-01  2.92409986e-01
 -1.09885000e-02  2.07500011e-02 -2.29460001e-01 -5.04845023e-01
 -5.81476353e-02  1.05129004e-01 -2.09940001e-02  6.69000298e-03
  5.27010001e-02 -5.33604980e-01  1.45503491e-01 -2.36740008e-01
 -4.44699898e-02  2.70545006e-01 -1.06020354e-01  1.21987052e-01
 -5.58220029e-01  5.16759992e-01  1.18931994e-01  3.49749997e-02
  4.72049862e-02 -9.70339999e-02  1.48730010e-01  5.17935038e-01
 -3.84665012e-01 -1.33100018e-01  1.75664991e-01 -1.43182009e-01
 -5.26500866e-04 -1.66195005e-01 -3.18159997e-01 -2.35299990e-02
 -2.94719994e-01 -9.93995070e-02  3.37314993e-01  1.91624492e-01
 -2.60459989e-01 -3.92564014e-02 -3.49249989e-02 -7.26704523e-02
  1.22525007e-01 -3.06864977e-01 -8.92900079e-02  8.84500146e-03
  2.09721014e-01  1.31613001e-01  3.16482008e-01  1.71400011e-02
 -1.31635487e-01  1.43814996e-01 -2.85845995e-01  1.04399011e-01
  2.38776490e-01 -8.22260007e-02 -1.69000030e-03 -1.96865007e-01
  1.51841491e-01 -4.86850023e-01  2.35110000e-01  3.35074991e-01
  3.80520001e-02  2.58545011e-01 -3.50149989e-01  5.45480013e-01
  2.12145001e-01 -3.80544990e-01 -1.33512944e-01  3.84749919e-02
  1.75719500e-01  2.69369990e-01 -3.08215499e-01  5.30500710e-03
 -8.76834989e-02  3.04535002e-01  5.57669997e-01  5.77630043e-01
  1.11905001e-01 -1.30989492e-01 -7.85350204e-02  3.94910008e-01
  6.94105029e-01  2.42040008e-02 -3.22405010e-01  2.15155005e-01
 -1.76809996e-01  9.15040001e-02 -6.82319999e-02 -1.36407003e-01
 -8.75249982e-01  3.64470512e-01 -6.47825003e-02 -4.44634974e-01
  8.77600014e-02  3.82035017e-01  1.69057503e-01 -1.75814003e-01
 -5.76900020e-02 -2.85599977e-02  2.58987010e-01 -2.44550034e-02
 -1.74550503e-01  3.70849892e-02 -1.47927597e-01  3.49409997e-01
  2.43059993e-01 -3.33999842e-03 -9.08599943e-02  2.70525008e-01
  1.14645503e-01 -1.86299980e-02 -2.31130004e-01  3.75939995e-01
  4.75710034e-02 -3.26234996e-01 -1.09102800e-01  5.95995009e-01
  9.29704905e-02  7.40099922e-02  3.29950005e-01 -1.17340006e-01
 -1.91550004e+00  1.34600997e-01  8.13324988e-01  3.56749892e-02
 -5.29049993e-01 -3.14967006e-01 -3.99075001e-01  6.84619993e-02
  2.75075018e-01 -3.08064491e-01  2.08398998e-01 -1.93711504e-01
  4.05110002e-01  1.42347500e-01 -3.19505006e-01 -3.43239993e-01
 -5.61760008e-01 -3.75099927e-02  5.57735041e-02  5.65024972e-01
 -9.02714878e-02  2.71530002e-01 -4.01255012e-01  1.01185001e-01]",local,global,0.41462255269289017,3.2588269745436422,0.8484854902366527,0.8601015604687792,0.854293525352716
competition vs cooperation,"[-7.97765031e-02  2.15303004e-01 -3.06760013e-01 -6.56275034e-01
  2.44475007e-01  3.11504990e-01 -1.99800000e-01  1.87624991e-01
  5.33800013e-02 -2.02059984e+00  4.24998999e-01  1.95555001e-01
 -3.51261020e-01  9.62745026e-02 -4.62065011e-01 -3.55964988e-01
  8.95179957e-02  2.50770003e-01 -2.35933498e-01 -1.49220005e-01
 -1.18714496e-01 -1.26799941e-02 -1.89644992e-02 -3.81044969e-02
 -1.16527006e-01  8.84134993e-02  5.72654977e-02 -1.82515994e-01
 -4.42065001e-01  1.12448998e-01 -2.25149989e-02 -6.79854989e-01
  1.91395506e-01  2.89850049e-02 -8.93260539e-01  2.54902989e-01
  2.98994988e-01 -1.86170012e-01  2.16949955e-02  1.01419002e-01
 -7.11299926e-02  2.15300024e-02  1.14610001e-01  1.96968496e-01
  5.55600040e-02  6.95299953e-02 -2.02825502e-01  4.18885022e-01
 -1.01425007e-01 -3.62529993e-01  2.20509008e-01 -2.11905003e-01
 -2.72195488e-01 -4.40385014e-01 -1.22170001e-01  5.95149994e-01
 -1.08259991e-01  1.87419996e-01  2.09459990e-01 -3.57160002e-01
  5.82589984e-01  2.99875975e-01 -3.13508004e-01 -6.10419989e-01
 -3.91504019e-01  4.04569983e-01  7.74350017e-02  2.91449994e-01
 -6.68524951e-02  2.58935004e-01 -2.61294991e-01  3.21700007e-01
  6.38999939e-02 -2.34915003e-01  2.45305002e-01  5.62205017e-02
 -1.35295004e-01  2.06500292e-03 -2.17644989e-01  4.87450004e-01
 -1.36474997e-01  1.01630017e-02  1.07245997e-01  1.07349992e-01
  2.11999565e-03 -5.00699997e-01 -1.02181494e-01 -1.76973000e-01
  1.89065009e-01 -3.88370007e-01 -1.18265003e-01  3.61790001e-01
 -3.68800014e-02  1.23725995e-01  1.57364994e-01 -1.33897990e-01
 -3.99195015e-01 -5.01438528e-02 -3.62843007e-01  8.38050097e-02
 -1.49625003e-01 -1.43169999e-01 -3.30595016e-01 -5.11969984e-01
 -2.70734996e-01  4.82914984e-01 -1.05079502e-01 -1.66193485e-01
 -2.39340007e-01 -1.83219999e-01  3.32139999e-01 -7.57295012e-01
 -2.00247496e-01 -2.58159995e-01  7.00599998e-02 -9.07240063e-02
  5.13639972e-02  2.57575005e-01  4.92749810e-02 -7.34899938e-02
  1.64755002e-01 -1.53445005e-01  1.79459989e-01 -6.92589998e-01
  3.01039994e-01  3.57998908e-03  2.08249986e-01 -4.88850027e-02
 -1.89098999e-01 -3.95799994e-01 -2.54144013e-01 -1.95249990e-01
  2.91660011e-01 -2.13279501e-01 -4.94439989e-01 -3.69515002e-01
  9.80270058e-02 -2.69770026e-02  2.76215017e-01  1.52404994e-01
  2.12534994e-01  2.33139500e-01  1.70639992e-01 -7.03890026e-01
 -5.43620028e-02 -3.67300063e-02  3.92459482e-01  2.55239010e-02
 -6.28849983e-01  2.95139998e-01  1.94243997e-01  4.76809978e-01
  2.25304991e-01 -3.57719988e-01  3.18865001e-01 -7.78184980e-02
 -3.55258495e-01  5.00139952e-01 -3.59790027e-01 -1.22062206e-01
  7.45050088e-02  4.88780022e-01 -1.19925447e-01  1.03999972e-02
  4.32704985e-02 -3.40950012e-01 -1.47469997e-01 -2.53299996e-02
  1.88972995e-01  3.56364995e-01  3.65930021e-01  2.71250010e-01
 -7.32370019e-01 -1.10534996e-01  1.15218006e-01  7.08360001e-02
  4.76405025e-02 -1.16184995e-01 -3.25034976e-01  3.17341983e-01
 -1.72246605e-01 -2.99154997e-01 -1.99867010e-01 -2.68547982e-01
  2.00958505e-01 -1.77750900e-01 -8.26144993e-01  2.82793999e-01
 -3.16069990e-01  6.56775013e-02 -2.03043595e-01 -1.84922487e-01
 -1.45920008e-01 -1.13626003e-01  9.41070020e-02  2.30820000e-01
 -3.07449996e-02  1.44210637e-01  1.15416497e-01 -1.63451508e-01
  5.14038444e-01  1.78460002e-01  2.20999867e-03 -1.45309985e-01
 -2.92999670e-04 -5.04544489e-02 -1.26899928e-02 -3.24474990e-01
  1.72329202e-01 -6.72499835e-03  2.44309992e-01  3.35280001e-01
 -1.91840500e-01  2.94459999e-01  2.36935005e-01 -1.41360998e-01
 -3.74360010e-02  3.21294993e-01 -1.22813150e-01 -1.24134988e-01
  4.85249996e-01 -5.33475041e-01 -2.01160014e-01 -1.47999972e-02
 -2.71439999e-01 -1.81540996e-01 -2.48510003e-01 -6.50544986e-02
  5.03445007e-02  1.67330503e-01  3.18200998e-02  5.08199930e-02
  1.21454991e-01 -8.06350037e-02 -1.05237998e-01 -1.31127506e-01
  1.66550010e-01 -1.69595987e-01  4.03039992e-01  1.51827991e-01
  9.26980004e-02 -1.96029991e-01  7.10195005e-02  2.91889995e-01
 -4.75174963e-01  2.64064997e-01 -1.64196000e-01 -2.75155008e-02
  6.58029988e-02 -2.52265006e-01  2.20210016e-01 -1.20800063e-02
  3.85284990e-01  5.09005003e-02 -3.33820015e-01 -3.31664979e-01
  3.54950130e-02 -1.42875001e-01 -9.92999971e-02  6.75300002e-01
  1.80160001e-01 -2.16120005e-01  4.62394476e-01  8.15625042e-02
  2.87904978e-01  4.58500162e-03 -4.64989990e-01 -1.45115003e-01
 -2.48834491e-02 -3.20109993e-01  4.16254997e-01  3.97520989e-01
 -2.43780017e-01  9.32539999e-02  4.39504981e-01 -3.16649862e-03
 -1.72749996e+00 -2.49805003e-01  8.30870032e-01 -2.80224998e-02
 -4.95280027e-01 -2.31905013e-01 -1.61610007e-01  1.79695010e-01
  3.30345005e-01 -2.56269991e-01 -4.92149889e-02  2.66700089e-02
  3.99145007e-01 -4.09120023e-01 -1.36180013e-01  1.85473993e-01
 -2.06674993e-01 -1.43571004e-01  4.64849994e-02  2.98455030e-01
  1.03005007e-01 -1.01200491e-01  1.67913005e-01 -9.96979997e-02]",competition,cooperation,0.44277618154883386,3.4837194380755867,0.9385314868692035,0.9449751077964532,0.9417532973328284
